ID,UTTERANCES
0,movie.starring.actor
1,
2,movie.starring.actor
3,movie.starring.actor
4,movie.starring.actor
5,movie.starring.actor
6,movie.starring.actor
7,movie.starring.actor
8,movie.starring.actor
9,movie.starring.actor
10,
11,movie.starring.actor
12,movie.starring.actor
13,movie.starring.actor
14,
15,movie.starring.actor
16,
17,movie.starring.actor
18,movie.starring.actor
19,
20,movie.starring.actor
21,movie.starring.actor
22,movie.starring.actor
23,movie.starring.actor
24,movie.starring.actor
25,movie.rating
26,
27,movie.starring.actor
28,
29,
30,movie.starring.actor
31,movie.starring.actor
32,movie.starring.actor
33,movie.starring.actor
34,movie.starring.actor
35,movie.estimated_budget
36,movie.estimated_budget
37,movie.estimated_budget
38,movie.estimated_budget
39,movie.estimated_budget
40,movie.estimated_budget
41,movie.estimated_budget
42,movie.estimated_budget
43,movie.gross_revenue
44,movie.estimated_budget
45,
46,movie.estimated_budget
47,movie.estimated_budget
48,movie.estimated_budget
49,movie.estimated_budget
50,movie.estimated_budget
51,movie.estimated_budget
52,movie.estimated_budget
53,movie.estimated_budget
54,movie.estimated_budget
55,movie.estimated_budget
56,movie.starring.actor
57,
58,movie.rating
59,
60,movie.starring.actor
61,movie.directed_by
62,movie.directed_by
63,
64,movie.country
65,movie.country
66,movie.country
67,movie.country
68,movie.country
69,movie.country
70,movie.country
71,movie.country
72,movie.initial_release_date
73,movie.initial_release_date
74,movie.initial_release_date
75,movie.initial_release_date
76,movie.initial_release_date
77,movie.initial_release_date
78,movie.initial_release_date
79,movie.initial_release_date
80,movie.initial_release_date
81,movie.initial_release_date
82,movie.initial_release_date
83,movie.initial_release_date
84,movie.initial_release_date
85,movie.initial_release_date
86,movie.initial_release_date
87,movie.initial_release_date
88,movie.initial_release_date
89,movie.initial_release_date
90,movie.initial_release_date
91,movie.initial_release_date
92,movie.initial_release_date
93,movie.initial_release_date
94,movie.initial_release_date
95,movie.initial_release_date
96,movie.initial_release_date
97,movie.initial_release_date
98,movie.initial_release_date
99,movie.initial_release_date
100,movie.initial_release_date
101,movie.initial_release_date
102,movie.initial_release_date
103,movie.initial_release_date
104,movie.initial_release_date
105,movie.initial_release_date
106,movie.initial_release_date
107,movie.initial_release_date
108,
109,
110,movie.initial_release_date
111,movie.initial_release_date
112,movie.initial_release_date
113,movie.directed_by
114,movie.directed_by
115,
116,movie.directed_by
117,movie.directed_by
118,movie.directed_by
119,movie.directed_by
120,movie.directed_by
121,
122,
123,movie.directed_by
124,movie.directed_by
125,movie.directed_by
126,movie.directed_by
127,movie.directed_by
128,movie.directed_by
129,movie.directed_by
130,
131,movie.directed_by
132,movie.directed_by
133,movie.directed_by
134,movie.directed_by
135,movie.directed_by
136,movie.directed_by
137,movie.directed_by
138,movie.directed_by
139,movie.directed_by
140,movie.directed_by
141,movie.directed_by
142,movie.directed_by
143,movie.directed_by
144,movie.directed_by
145,movie.directed_by
146,movie.directed_by
147,movie.directed_by
148,movie.directed_by
149,movie.directed_by
150,movie.directed_by
151,movie.directed_by
152,movie.directed_by
153,movie.directed_by
154,movie.directed_by
155,movie.directed_by
156,movie.directed_by
157,movie.directed_by
158,movie.genre
159,movie.genre
160,movie.genre
161,movie.genre
162,movie.genre
163,movie.genre
164,movie.genre
165,movie.genre
166,movie.genre
167,movie.genre
168,movie.genre
169,movie.genre
170,movie.genre
171,movie.genre
172,movie.genre
173,movie.genre
174,movie.genre
175,movie.genre
176,movie.genre
177,movie.language
178,movie.language
179,movie.language
180,movie.language
181,movie.language
182,movie.language
183,movie.language
184,movie.language
185,movie.language
186,movie.genre
187,movie.country movie.language
188,movie.produced_by
189,
190,
191,
192,
193,movie.rating
194,movie.language
195,
196,movie.starring.actor
197,movie.subjects
198,movie.subjects
199,movie.starring.actor
200,movie.starring.actor
201,movie.starring.actor
202,movie.country movie.language
203,
204,
205,movie.genre
206,movie.starring.actor
207,movie.directed_by
208,
209,movie.language
210,movie.initial_release_date
211,
212,
213,
214,
215,movie.directed_by
216,movie.directed_by
217,
218,movie.starring.actor
219,movie.directed_by
220,movie.produced_by
221,movie.starring.actor
222,movie.starring.actor
223,movie.starring.actor
224,movie.directed_by
225,movie.directed_by
226,movie.initial_release_date
227,
228,movie.directed_by
229,movie.rating
230,
231,movie.country movie.language
232,movie.country
233,movie.country
234,movie.language
235,movie.language
236,movie.genre
237,movie.genre
238,movie.genre
239,movie.genre
240,movie.genre
241,movie.genre
242,
243,
244,
245,movie.country
246,
247,movie.country
248,movie.country
249,movie.country movie.language
250,movie.country
251,movie.country
252,movie.country
253,movie.country
254,movie.country movie.language
255,movie.country movie.language
256,movie.country movie.language
257,movie.starring.actor
258,
259,movie.genre
260,movie.language
261,movie.directed_by
262,
263,movie.country
264,movie.country
265,movie.genre
266,movie.directed_by
267,movie.language
268,movie.country
269,movie.genre
270,movie.genre
271,movie.language
272,
273,
274,
275,
276,movie.starring.actor
277,movie.starring.actor
278,movie.starring.actor
279,
280,movie.starring.actor
281,
282,
283,
284,
285,movie.country
286,movie.country
287,movie.country movie.language
288,movie.country movie.language
289,movie.country movie.language
290,movie.country movie.language
291,movie.country movie.language
292,movie.language
293,movie.language
294,movie.production_companies
295,movie.production_companies
296,movie.starring.actor
297,movie.starring.actor
298,movie.subjects
299,
300,movie.starring.actor
301,
302,movie.produced_by
303,movie.production_companies
304,
305,
306,movie.country
307,movie.produced_by
308,movie.genre
309,
310,movie.country movie.genre
311,movie.country movie.genre
312,movie.country movie.genre
313,movie.country movie.genre
314,movie.country movie.language
315,movie.country movie.language
316,movie.country movie.language
317,movie.rating
318,movie.rating
319,movie.rating
320,movie.rating
321,
322,
323,movie.rating
324,movie.rating
325,movie.rating
326,movie.rating
327,movie.rating
328,movie.rating
329,movie.rating
330,movie.rating
331,movie.rating
332,movie.directed_by movie.genre
333,movie.produced_by
334,movie.directed_by movie.initial_release_date
335,movie.produced_by movie.production_companies
336,movie.country
337,movie.country
338,
339,
340,movie.produced_by
341,movie.directed_by
342,movie.directed_by
343,movie.directed_by
344,movie.directed_by
345,movie.directed_by
346,movie.directed_by
347,movie.directed_by movie.production_companies
348,
349,
350,movie.genre
351,movie.directed_by
352,movie.directed_by
353,movie.directed_by
354,movie.directed_by
355,movie.directed_by
356,
357,movie.directed_by
358,movie.directed_by
359,movie.directed_by
360,
361,movie.directed_by
362,
363,movie.starring.actor
364,
365,movie.starring.actor
366,movie.country
367,movie.country
368,movie.country
369,movie.country movie.language
370,movie.country movie.language
371,movie.produced_by movie.production_companies
372,movie.produced_by
373,movie.produced_by
374,movie.produced_by movie.production_companies
375,
376,movie.directed_by
377,movie.starring.actor
378,movie.starring.actor
379,movie.starring.actor
380,movie.directed_by
381,movie.produced_by
382,movie.produced_by
383,movie.produced_by
384,
385,
386,movie.directed_by
387,movie.directed_by
388,movie.directed_by
389,movie.produced_by
390,movie.produced_by
391,movie.production_companies
392,movie.production_companies
393,movie.production_companies
394,movie.directed_by
395,
396,
397,movie.directed_by
398,
399,
400,
401,
402,
403,
404,movie.starring.actor
405,
406,movie.starring.actor
407,movie.production_companies
408,movie.production_companies
409,movie.production_companies
410,
411,
412,movie.directed_by
413,movie.country
414,
415,movie.production_companies
416,movie.country movie.language
417,movie.starring.actor
418,movie.starring.actor
419,movie.starring.actor
420,movie.country movie.genre
421,movie.starring.actor
422,movie.directed_by
423,
424,movie.genre
425,movie.directed_by
426,movie.directed_by
427,
428,movie.starring.actor
429,movie.starring.actor
430,movie.starring.actor
431,movie.rating
432,movie.rating
433,movie.rating
434,movie.rating
435,movie.rating
436,movie.rating
437,movie.rating
438,movie.rating
439,movie.rating
440,movie.rating
441,movie.rating
442,movie.country
443,
444,movie.country
445,movie.subjects
446,movie.subjects
447,movie.subjects
448,movie.subjects
449,
450,
451,
452,movie.directed_by
453,movie.country movie.language
454,movie.country movie.language
455,movie.genre
456,movie.genre
457,movie.rating
458,movie.produced_by
459,movie.directed_by
460,movie.produced_by
461,movie.produced_by
462,movie.produced_by
463,movie.produced_by
464,movie.produced_by
465,movie.produced_by
466,movie.starring.actor
467,movie.directed_by
468,movie.country
469,
470,
471,
472,
473,
474,
475,
476,
477,
478,
479,
480,
481,
482,
483,movie.language
484,
485,
486,movie.directed_by
487,movie.directed_by
488,movie.produced_by
489,movie.subjects
490,
491,movie.directed_by
492,movie.directed_by
493,
494,movie.subjects
495,movie.country
496,
497,
498,
499,
500,
501,movie.country movie.language
502,movie.language
503,movie.directed_by
504,movie.starring.actor
505,movie.starring.actor
506,movie.starring.actor
507,movie.starring.actor
508,
509,movie.genre
510,movie.directed_by
511,
512,
513,
514,
515,movie.rating
516,movie.rating
517,movie.rating
518,movie.rating
519,movie.rating
520,movie.rating
521,movie.rating
522,movie.rating
523,movie.directed_by
524,movie.directed_by
525,movie.directed_by
526,movie.initial_release_date movie.starring.actor
527,movie.initial_release_date movie.rating
528,movie.initial_release_date movie.rating
529,movie.produced_by
530,movie.initial_release_date movie.starring.actor
531,movie.directed_by
532,movie.rating
533,movie.starring.actor
534,movie.initial_release_date movie.production_companies
535,
536,
537,
538,movie.production_companies
539,
540,movie.produced_by
541,
542,
543,
544,
545,
546,
547,
548,
549,
550,
551,
552,
553,
554,
555,
556,
557,
558,
559,
560,
561,movie.produced_by
562,movie.produced_by
563,movie.produced_by
564,movie.production_companies
565,movie.production_companies
566,movie.production_companies
567,movie.produced_by
568,movie.produced_by
569,movie.production_companies
570,movie.produced_by
571,movie.produced_by
572,movie.produced_by
573,movie.produced_by
574,movie.produced_by
575,movie.produced_by
576,movie.produced_by
577,movie.produced_by
578,movie.produced_by
579,
580,movie.produced_by
581,movie.produced_by
582,movie.produced_by
583,movie.produced_by
584,movie.produced_by
585,movie.produced_by
586,movie.produced_by
587,movie.rating
588,movie.produced_by
589,movie.production_companies
590,movie.production_companies
591,movie.produced_by
592,movie.produced_by
593,movie.production_companies
594,movie.produced_by movie.production_companies
595,movie.produced_by
596,movie.produced_by
597,movie.produced_by
598,movie.produced_by
599,movie.produced_by
600,movie.rating
601,movie.gross_revenue
602,movie.gross_revenue
603,movie.gross_revenue
604,
605,movie.gross_revenue
606,movie.estimated_budget
607,movie.gross_revenue
608,movie.gross_revenue
609,
610,movie.gross_revenue
611,movie.initial_release_date
612,movie.starring.actor movie.starring.character
613,movie.starring.actor movie.starring.character
614,movie.starring.actor
615,movie.starring.actor
616,movie.starring.actor
617,movie.starring.actor
618,movie.starring.actor movie.starring.character
619,movie.directed_by movie.starring.actor
620,movie.starring.actor movie.starring.character
621,movie.starring.actor movie.starring.character
622,
623,
624,movie.starring.actor
625,movie.directed_by movie.starring.actor
626,movie.starring.actor
627,movie.starring.actor
628,movie.starring.actor
629,movie.starring.actor
630,
631,movie.starring.actor
632,movie.starring.actor
633,
634,movie.estimated_budget
635,movie.estimated_budget
636,movie.estimated_budget
637,movie.estimated_budget
638,movie.estimated_budget
639,movie.estimated_budget
640,movie.estimated_budget movie.initial_release_date
641,movie.estimated_budget
642,movie.estimated_budget
643,movie.estimated_budget
644,movie.estimated_budget
645,movie.estimated_budget
646,movie.estimated_budget
647,movie.estimated_budget
648,movie.estimated_budget
649,movie.estimated_budget
650,movie.estimated_budget
651,
652,movie.country
653,movie.country
654,movie.country
655,movie.country
656,movie.country
657,movie.country
658,movie.country
659,movie.initial_release_date
660,movie.initial_release_date
661,movie.initial_release_date
662,movie.initial_release_date
663,movie.initial_release_date
664,movie.initial_release_date
665,
666,movie.initial_release_date
667,movie.initial_release_date
668,movie.initial_release_date
669,movie.initial_release_date
670,movie.initial_release_date
671,movie.initial_release_date
672,movie.initial_release_date
673,movie.directed_by
674,movie.directed_by
675,movie.directed_by
676,movie.directed_by
677,movie.directed_by
678,movie.language
679,movie.language
680,movie.language
681,movie.language
682,movie.language
683,movie.genre movie.rating
684,movie.genre
685,movie.rating
686,
687,movie.genre
688,movie.genre
689,
690,movie.genre
691,
692,movie.genre
693,
694,
695,movie.initial_release_date
696,movie.country
697,movie.initial_release_date
698,movie.country
699,movie.language
700,movie.country
701,movie.subjects
702,
703,
704,
705,movie.directed_by
706,movie.directed_by
707,movie.directed_by
708,movie.directed_by
709,movie.directed_by
710,movie.directed_by
711,movie.directed_by
712,movie.directed_by
713,movie.directed_by
714,movie.starring.actor
715,movie.initial_release_date
716,movie.rating
717,movie.directed_by
718,
719,movie.starring.actor
720,movie.initial_release_date
721,
722,
723,movie.subjects
724,movie.language
725,movie.language
726,
727,movie.language
728,movie.language
729,movie.language
730,movie.language
731,movie.language
732,
733,movie.language
734,movie.language
735,movie.country
736,movie.language
737,movie.language
738,movie.language
739,movie.language
740,movie.language
741,movie.language
742,movie.language
743,movie.produced_by
744,
745,movie.produced_by
746,movie.production_companies
747,movie.production_companies
748,
749,movie.production_companies
750,movie.rating
751,movie.rating
752,
753,movie.rating
754,movie.rating
755,movie.rating
756,movie.production_companies
757,movie.rating
758,movie.country
759,
760,movie.starring.actor
761,movie.starring.actor
762,movie.starring.actor
763,
764,movie.starring.actor
765,movie.starring.actor
766,movie.starring.actor
767,movie.starring.actor
768,movie.directed_by
769,movie.starring.actor
770,movie.subjects
771,movie.subjects
772,movie.subjects
773,movie.subjects
774,movie.subjects
775,
776,movie.subjects
777,movie.subjects
778,movie.subjects
779,movie.subjects
780,movie.subjects
781,
782,movie.country movie.language
783,
784,movie.subjects
785,movie.country
786,movie.subjects
787,movie.subjects
788,movie.starring.actor
789,movie.starring.actor
790,movie.starring.actor
791,movie.subjects
792,movie.subjects
793,movie.subjects
794,movie.subjects
795,
796,movie.subjects
797,movie.language
798,movie.rating
799,
800,movie.language
801,movie.language
802,movie.directed_by
803,
804,
805,
806,
807,
808,
809,
810,movie.initial_release_date
811,movie.language
812,
813,
814,movie.produced_by
815,
816,
817,movie.country movie.language
818,movie.country movie.language
819,movie.country movie.language
820,movie.production_companies
821,movie.production_companies
822,
823,
824,movie.starring.actor
825,
826,movie.produced_by
827,movie.production_companies
828,movie.produced_by
829,movie.produced_by
830,movie.produced_by
831,movie.produced_by
832,
833,movie.estimated_budget
834,
835,
836,
837,
838,movie.gross_revenue
839,movie.gross_revenue
840,movie.gross_revenue
841,movie.gross_revenue
842,movie.gross_revenue
843,movie.gross_revenue
844,
845,movie.gross_revenue
846,movie.gross_revenue
847,
848,movie.gross_revenue
849,movie.gross_revenue
850,movie.estimated_budget
851,movie.gross_revenue
852,movie.gross_revenue
853,movie.gross_revenue
854,movie.gross_revenue
855,
856,movie.gross_revenue
857,
858,
859,actor.gender movie.starring.actor
860,movie.starring.actor
861,actor.gender movie.starring.actor
862,movie.starring.actor
863,movie.starring.actor
864,person.date_of_birth
865,movie.initial_release_date
866,movie.country
867,movie.country
868,movie.initial_release_date
869,
870,
871,movie.directed_by
872,movie.directed_by
873,
874,
875,movie.produced_by
876,
877,movie.produced_by
878,movie.directed_by
879,movie.directed_by
880,
881,
882,
883,
884,movie.starring.actor
885,movie.language
886,
887,
888,movie.directed_by
889,
890,
891,movie.directed_by
892,movie.directed_by
893,
894,
895,
896,movie.country
897,movie.production_companies
898,movie.initial_release_date
899,
900,movie.country
901,
902,movie.production_companies
903,movie.initial_release_date movie.production_companies
904,movie.genre
905,
906,movie.country
907,
908,
909,
910,movie.starring.actor
911,
912,movie.country
913,movie.country
914,movie.rating
915,
916,
917,movie.language
918,
919,movie.genre
920,movie.language
921,movie.language
922,movie.language
923,movie.country
924,movie.initial_release_date
925,
926,movie.subjects
927,movie.initial_release_date
928,
929,
930,movie.production_companies
931,movie.genre
932,
933,
934,movie.directed_by
935,
936,
937,movie.rating
938,movie.rating
939,movie.rating
940,movie.rating
941,movie.genre movie.rating
942,movie.rating
943,movie.rating
944,movie.rating
945,movie.rating
946,movie.rating
947,movie.rating
948,movie.rating
949,movie.rating
950,movie.rating
951,movie.rating
952,movie.rating
953,movie.rating
954,movie.gross_revenue
955,movie.estimated_budget
956,movie.gross_revenue
957,movie.gross_revenue
958,
959,
960,
961,
962,
963,
964,
965,
966,
967,
968,
969,
970,
971,
972,
973,
974,
975,
976,
977,movie.starring.actor
978,
979,movie.directed_by
980,movie.country
